,train_loss,val_loss,train_acc,val_acc,test_loss,test_acc
temporal_hmdb51,0.33130222496887046,1.4643036127090454,0.969270832836628,0.53125,1.7846922079722087,0.4348958333333333
