,train_loss,val_loss,train_acc,val_acc,test_loss,test_acc
spatial_model_stanford40,0.9517019795046913,2.204105778173967,0.6766666664017571,0.4005681818181818,2.038643145561218,0.403125
spatial_model_stanford40_cyclical,0.016552217061527902,3.080881021239541,0.9979166666666667,0.45454545454545453,3.3740219831466676,0.4375
