,train_loss,val_loss,train_acc,val_acc,test_loss,test_acc
twostream_model_hmdb51,0.0329023430046315,0.768617848555247,0.9986979166666666,0.7708333333333334,0.9355381801724434,0.7109375
