,train_loss,val_loss,train_acc,val_acc,test_loss,test_acc
spatial_model_hmdb51_middle,0.29006231141587097,1.4197372198104858,0.9039062509934107,0.649999996026357,2.2979918271303177,0.5130208333333334
spatial_model_hmdb51_first,0.48699245353539783,1.4501190582911174,0.8453125009934107,0.5958333412806193,2.657617618640264,0.4010416666666667
spatial_model_hmdb51_last,0.47613127902150154,1.9246350924173992,0.8546874995032946,0.5854166746139526,2.510400176048279,0.4270833333333333
