,train_loss,val_loss,train_acc,val_acc,test_loss,test_acc
twostream_model_hmdb51,0.0784896924936523,0.8183063268661499,0.99609375,0.7708333333333334,0.9314570253094038,0.7135416666666666
