,train_loss,val_loss,train_acc,val_acc,test_loss,test_acc
spatial_model_stanford40,1.6081015545388926,2.2906655073165894,0.4297920154488605,0.2786458333333333,2.109278440475464,0.2803819477558136
spatial_model_stanford40_cyclical,0.13077028095722198,2.6796178420384726,0.9607807268267092,0.4355085790157318,2.92611026763916,0.4644097189108531
spatial_model_stanford40_final,0.2351467402085014,,0.9329797236815743,,2.903808832168579,0.4444444477558136
