,train_loss,val_loss,train_acc,val_acc,test_loss,test_acc
spatial_model_hmdb51_middle,0.23073086934164166,1.3564904530843098,0.9372395823399226,0.668750007947286,2.307931880156199,0.4739583333333333
spatial_model_hmdb51_first,0.47962870200475055,1.7958044211069744,0.8388020843267441,0.5958333412806193,3.0249605576197305,0.3333333333333333
spatial_model_hmdb51_last,0.3012392024199168,1.9165282249450684,0.9072916656732559,0.612499992052714,2.734278748432795,0.3697916666666667
