,train_loss,val_loss,train_acc,val_acc,test_loss,test_acc
spatial_model_hmdb51_middle,0.10134380147792399,1.7587129672368367,0.9796874995032946,0.6604166626930237,2.957600921392441,0.4166666666666667
spatial_model_hmdb51_first,0.26238549562791985,1.9234025478363037,0.93359375,0.5333333313465118,4.186638553937276,0.2734375
spatial_model_hmdb51_last,0.16677424249549708,2.1452991565068564,0.9622395833333334,0.5416666666666666,3.7380886177221933,0.3203125
