,train_loss,val_loss,train_acc,val_acc,test_loss,test_acc
spatial_model_stanford40,0.07033861827933126,2.934066978367892,0.9852083332008785,0.4602272727272727,2.883031439781189,0.4125
spatial_model_stanford40_cyclical,0.01558966002194211,1.8958021890033374,0.9965277777777778,0.6278409090909091,2.27779461145401,0.646875
