,train_loss,val_loss,train_acc,val_acc,test_loss,test_acc
spatial_model_stanford40,0.8598369131485621,2.0660592967813667,0.7170833335982428,0.45170454545454547,1.9208720922470093,0.46875
spatial_model_stanford40_cyclical,0.06612062042372094,1.630153845657002,0.9803472220897674,0.6505681818181818,1.7055933117866515,0.6625
