,train_loss,val_loss,train_acc,val_acc,test_loss,test_acc
spatial_model_stanford40,0.801544498735004,1.9308118928562512,0.7275000002649096,0.5085227272727273,1.4605126917362212,0.55625
spatial_model_stanford40_cyclical,0.08612225672307734,1.2885243459181352,0.9701388888888889,0.7130681818181818,1.0978827387094499,0.759375
