,train_loss,val_loss,train_acc,val_acc,test_loss,test_acc
spatial_model_hmdb51_middle,0.27848808001726866,0.886355996131897,0.9359374990065893,0.7083333333333334,1.2397489566355944,0.6614583333333334
spatial_model_hmdb51_first,1.0185535376270611,1.1495972871780396,0.6716145823399226,0.612499992052714,1.6337683647871017,0.5052083333333334
spatial_model_hmdb51_last,0.7622943967580795,1.0729844570159912,0.7492187495032946,0.6875,1.423317847152551,0.5703125
